,sp1,sp2,sp3,sp5
Mean,4.5345118e-07,7.872732e-07,1.7439063e-06,3.779751e-06
Max,6.115629e-05,3.626463e-05,5.603216e-05,9.951426e-05
