,sp1,sp2,sp3,sp5
Mean,0.0016083947,0.0021070072,0.003071563,0.004312731
Max,0.0036788888,0.0038263667,0.0065036663,0.008089102
