,sp1,sp2,sp3,sp5
Mean,2.9088628,4.06936,5.7810225,7.83742
Max,5.815333,8.140252,12.699799,18.631414
