,sp1,sp2,sp3,sp5
Mean,0.0010880871,0.0016192603,0.0023300885,0.003200322
Max,0.003956966,0.0054024532,0.0071741436,0.008396844
