,sp1,sp2,sp3,sp5
Mean,1.6982872e-06,2.1911085e-06,2.5649074e-06,4.014141e-06
Max,6.142367e-05,0.0001654937,0.00016266518,0.000126529
