,sp1,sp2,sp3,sp5
Mean,2.6975343,3.8933852,5.4071207,7.4114017
Max,8.297601,10.178103,12.911526,19.133661
